-0.484,0.073,-0.109
-0.474,0.071,-0.107
-0.465,0.069,-0.106
-0.455,0.067,-0.105
-0.445,0.065,-0.104
-0.435,0.063,-0.103
-0.425,0.061,-0.102
-0.415,0.059,-0.101
-0.406,0.058,-0.1
-0.396,0.056,-0.098
-0.386,0.054,-0.097
-0.376,0.052,-0.096
-0.366,0.05,-0.095
-0.356,0.049,-0.094
-0.347,0.047,-0.093
-0.337,0.045,-0.092
-0.327,0.044,-0.091
-0.317,0.042,-0.09
-0.307,0.04,-0.089
-0.297,0.039,-0.088
-0.287,0.037,-0.087
-0.278,0.036,-0.086
-0.268,0.034,-0.085
-0.258,0.033,-0.084
-0.248,0.031,-0.083
-0.238,0.03,-0.082
-0.228,0.028,-0.081
-0.218,0.027,-0.08
-0.208,0.025,-0.079
-0.198,0.024,-0.078
-0.188,0.023,-0.078
-0.179,0.021,-0.077
-0.169,0.02,-0.076
-0.159,0.018,-0.075
-0.149,0.017,-0.074
-0.139,0.016,-0.073
-0.129,0.015,-0.072
-0.119,0.013,-0.071
-0.109,0.012,-0.07
-0.099,0.011,-0.069
-0.089,0.01,-0.068
-0.079,0.009,-0.067
-0.069,0.007,-0.066
-0.059,0.006,-0.066
-0.05,0.005,-0.065
-0.04,0.004,-0.064
-0.03,0.003,-0.063
-0.02,0.002,-0.062
-0.01,0.001,-0.061
0.0,-0.0,-0.06
0.01,-0.001,-0.059
0.02,-0.002,-0.058
0.03,-0.003,-0.057
0.04,-0.004,-0.056
0.05,-0.005,-0.055
0.06,-0.006,-0.054
0.07,-0.007,-0.053
0.08,-0.008,-0.052
0.09,-0.008,-0.051
0.1,-0.009,-0.05
0.11,-0.01,-0.05
0.12,-0.011,-0.049
0.13,-0.012,-0.048
0.14,-0.012,-0.047
0.15,-0.013,-0.046
0.16,-0.014,-0.045
0.17,-0.015,-0.043
0.18,-0.015,-0.042
0.189,-0.016,-0.041
0.199,-0.017,-0.04
0.209,-0.017,-0.039
0.219,-0.018,-0.038
0.229,-0.019,-0.037
0.239,-0.019,-0.036
0.249,-0.02,-0.035
0.259,-0.02,-0.034
0.269,-0.021,-0.033
0.279,-0.021,-0.032
0.289,-0.022,-0.031
0.299,-0.022,-0.029
0.309,-0.023,-0.028
0.319,-0.023,-0.027
0.329,-0.024,-0.026
0.339,-0.024,-0.025
0.349,-0.025,-0.023
0.359,-0.025,-0.022
0.369,-0.026,-0.021
0.379,-0.026,-0.02
0.389,-0.026,-0.018
0.399,-0.027,-0.017
0.409,-0.027,-0.016
0.419,-0.027,-0.015
0.429,-0.028,-0.013
0.439,-0.028,-0.012
0.449,-0.028,-0.011
0.459,-0.029,-0.009
0.469,-0.029,-0.008
0.479,-0.029,-0.006
0.489,-0.029,-0.005
0.499,-0.029,-0.004
0.509,-0.03,-0.039
0.519,-0.03,-0.037
0.529,-0.03,-0.036
0.539,-0.03,-0.035
0.549,-0.03,-0.034
0.559,-0.031,-0.033
0.569,-0.031,-0.031
0.579,-0.031,-0.03
0.589,-0.031,-0.029
0.599,-0.031,-0.028
0.609,-0.031,-0.027
0.619,-0.031,-0.026
0.629,-0.031,-0.025
0.639,-0.031,-0.023
0.649,-0.031,-0.022
0.659,-0.031,-0.021
0.669,-0.031,-0.02
0.679,-0.031,-0.019
0.689,-0.031,-0.018
0.699,-0.031,-0.017
0.709,-0.031,-0.016
0.719,-0.031,-0.015
0.729,-0.031,-0.014
0.739,-0.031,-0.013
0.749,-0.031,-0.012
0.759,-0.031,-0.011
0.769,-0.031,-0.01
0.779,-0.031,-0.009
0.789,-0.031,-0.008
0.799,-0.03,-0.007
0.809,-0.03,-0.006
0.819,-0.03,-0.005
0.829,-0.03,-0.005
0.839,-0.03,-0.004
0.849,-0.03,-0.003
0.859,-0.029,-0.002
0.869,-0.029,-0.001
0.879,-0.029,-0.0
0.889,-0.029,0.0
0.899,-0.029,0.001
0.909,-0.028,0.002
0.919,-0.028,0.003
0.929,-0.028,0.004
0.939,-0.028,0.004
0.949,-0.027,0.005
0.959,-0.027,0.006
0.969,-0.027,0.007
0.979,-0.027,0.007
0.989,-0.026,0.008
0.999,-0.026,0.009
1.009,-0.026,0.009
1.019,-0.025,0.01
1.029,-0.025,0.011
1.039,-0.025,0.011
1.049,-0.024,0.012
1.059,-0.024,0.012
1.069,-0.024,0.013
1.079,-0.023,0.014
1.089,-0.023,0.014
1.099,-0.023,0.015
1.109,-0.022,0.015
1.119,-0.022,0.016
1.129,-0.022,0.016
1.139,-0.021,0.017
1.149,-0.021,0.017
1.159,-0.02,0.018
1.169,-0.02,0.018
1.179,-0.02,0.019
1.189,-0.019,0.019
1.199,-0.019,0.02
1.209,-0.018,0.02
1.219,-0.018,0.021
1.229,-0.018,0.021
1.239,-0.017,0.021
1.249,-0.017,0.022
1.259,-0.016,0.022
1.269,-0.016,0.022
1.279,-0.015,0.023
1.289,-0.015,0.023
1.299,-0.014,0.023
1.309,-0.014,0.024
1.319,-0.014,0.024
1.329,-0.013,0.024
1.339,-0.013,0.024
1.349,-0.012,0.025
1.359,-0.012,0.025
1.369,-0.011,0.025
1.379,-0.011,0.025
1.389,-0.01,0.026
1.399,-0.01,0.026
1.409,-0.009,0.026
1.419,-0.009,0.026
1.429,-0.008,0.026
1.439,-0.008,0.026
1.449,-0.007,0.026
1.459,-0.007,0.027
1.469,-0.006,0.027
1.479,-0.006,0.027
1.489,-0.005,0.027
1.499,-0.005,0.027
1.509,-0.004,0.027
1.519,-0.004,0.027
1.529,-0.003,0.027
1.539,-0.003,0.027
1.549,-0.003,0.027
1.559,-0.002,0.027
1.569,-0.002,0.027
1.579,-0.001,0.027
1.589,-0.001,0.027
1.599,-0.0,0.027
1.609,0.0,0.027
1.619,0.001,0.026
1.628,0.001,0.026
1.638,0.002,0.026
1.648,0.002,0.026
1.658,0.003,0.026
1.668,0.003,0.026
1.678,0.004,0.026
1.688,0.004,0.025
1.698,0.005,0.025
1.708,0.005,0.025
1.718,0.006,0.025
1.728,0.006,0.024
1.738,0.007,0.024
1.748,0.007,0.024
1.758,0.008,0.024
1.768,0.008,0.023
1.778,0.008,0.023
1.788,0.009,0.023
1.798,0.009,0.022
1.808,0.01,0.022
1.818,0.01,0.022
1.828,0.011,0.021
1.838,0.011,0.021
1.848,0.011,0.021
1.858,0.012,0.02
1.868,0.012,0.02
1.878,0.013,0.019
1.888,0.013,0.019
1.898,0.014,0.018
1.908,0.014,0.018
1.918,0.014,0.017
1.928,0.015,0.017
1.938,0.015,0.016
1.948,0.015,0.016
1.958,0.016,0.015
1.968,0.016,0.015
1.978,0.017,0.014
1.988,0.017,0.014
1.998,0.017,0.013
2.008,0.018,0.013
2.018,0.018,0.012
2.028,0.018,0.011
2.038,0.019,0.011
2.048,0.019,0.01
2.058,0.019,0.009
2.068,0.02,0.009
2.078,0.02,0.008
2.088,0.02,0.007
2.098,0.02,0.007
2.108,0.021,0.006
2.118,0.021,0.005
2.128,0.021,0.005
2.138,0.021,0.004
2.148,0.022,0.003
2.158,0.022,0.002
2.168,0.022,0.002
2.178,0.022,0.001
2.188,0.023,0.0
2.198,0.023,-0.0
2.208,0.023,-0.001
2.218,0.023,-0.002
2.228,0.023,-0.003
2.238,0.024,-0.003
2.248,0.024,-0.004
2.258,0.024,-0.005
2.268,0.024,-0.005
2.278,0.024,-0.006
2.288,0.024,-0.007
2.298,0.024,-0.008
2.308,0.024,-0.008
2.318,0.024,-0.009
2.328,0.025,-0.01
2.338,0.025,-0.01
2.348,0.025,-0.011
2.358,0.025,-0.012
2.368,0.025,-0.012
2.378,0.025,-0.013
2.388,0.025,-0.014
2.398,0.025,-0.014
2.408,0.025,-0.015
2.418,0.025,-0.016
2.428,0.025,-0.016
2.438,0.025,-0.017
2.448,0.025,-0.017
2.458,0.025,-0.018
2.468,0.025,-0.019
2.478,0.024,-0.019
2.488,0.024,-0.02
2.498,0.024,-0.02
2.508,0.024,-0.021
2.518,0.024,-0.021
2.528,0.024,-0.022
2.538,0.024,-0.022
2.548,0.023,-0.022
2.558,0.023,-0.023
2.568,0.023,-0.023
2.578,0.023,-0.023
2.588,0.023,-0.024
2.598,0.022,-0.024
2.608,0.022,-0.024
2.618,0.022,-0.025
2.628,0.022,-0.025
2.638,0.021,-0.025
2.648,0.021,-0.025
2.658,0.021,-0.025
2.668,0.02,-0.026
2.678,0.02,-0.026
2.688,0.02,-0.026
2.698,0.019,-0.026
2.708,0.019,-0.026
2.718,0.018,-0.026
2.728,0.018,-0.026
2.738,0.017,-0.026
2.748,0.017,-0.026
2.758,0.016,-0.025
2.768,0.016,-0.025
2.778,0.015,-0.025
2.788,0.015,-0.025
2.798,0.014,-0.024
2.808,0.014,-0.024
2.818,0.013,-0.024
2.828,0.013,-0.023
2.838,0.012,-0.023
2.848,0.012,-0.022
2.858,0.011,-0.022
2.868,0.01,-0.021
2.878,0.01,-0.021
2.888,0.009,-0.02
2.898,0.008,-0.019
2.908,0.007,-0.019
2.918,0.007,-0.018
2.928,0.006,-0.017
2.938,0.005,-0.016
2.948,0.004,-0.015
2.958,0.004,-0.014
2.967,0.003,-0.013
2.977,0.002,-0.012
2.987,0.001,-0.011
2.997,0.0,-0.01
3.007,-0.001,-0.009
3.017,-0.002,-0.007
3.027,-0.002,-0.006
3.037,-0.003,-0.005
3.047,-0.004,-0.003
3.057,-0.005,-0.002
3.067,-0.006,-0.0
3.077,-0.007,0.001
3.087,-0.008,0.003
3.097,-0.009,0.004
3.107,-0.01,0.006
3.117,-0.011,0.008
3.127,-0.012,0.01
3.137,-0.013,0.011
3.147,-0.014,0.013
3.157,-0.015,0.015
3.167,-0.016,0.017
3.176,-0.018,0.019
3.186,-0.019,0.021
3.196,-0.02,0.023
3.206,-0.021,0.025
3.216,-0.022,0.028
3.226,-0.023,0.03
3.236,-0.024,0.032
3.246,-0.025,0.034
3.256,-0.026,0.037
3.266,-0.027,0.039
3.276,-0.028,0.042
3.286,-0.029,0.044
3.296,-0.03,0.047
3.306,-0.031,0.049
3.316,-0.032,0.052
3.326,-0.033,0.054
3.336,-0.033,0.057
3.346,-0.034,0.06
3.356,-0.035,0.063
3.366,-0.036,0.065
3.376,-0.037,0.068
3.386,-0.038,0.071
3.395,-0.039,0.074
3.405,-0.039,0.077
3.415,-0.04,0.08
3.425,-0.041,0.083
3.435,-0.041,0.086
3.445,-0.042,0.089
3.455,-0.043,0.093
3.465,-0.043,0.096
3.475,-0.044,0.099
3.485,-0.045,0.102
3.495,-0.045,0.106
3.505,-0.046,0.109
3.515,-0.046,0.112
3.525,-0.046,0.116
3.535,-0.047,0.119
3.545,-0.047,0.123
3.555,-0.047,0.127
3.565,-0.048,0.13
3.575,-0.048,0.134
3.585,-0.048,0.137
3.595,-0.048,0.141
3.605,-0.048,0.145
3.615,-0.048,0.149
3.625,-0.048,0.153
3.635,-0.048,0.157
3.645,-0.048,0.16
3.655,-0.048,0.164
3.665,-0.048,0.168
3.675,-0.048,0.172
3.685,-0.047,0.177
3.695,-0.047,0.181
3.705,-0.046,0.185
3.715,-0.046,0.189
3.725,-0.045,0.193
3.735,-0.045,0.198
3.745,-0.044,0.202
3.755,-0.043,0.206
3.765,-0.042,0.211
3.775,-0.042,0.215
3.785,-0.041,0.22
3.795,-0.04,0.224
3.805,-0.038,0.229
3.815,-0.037,0.233
3.825,-0.036,0.238
3.835,-0.035,0.243
3.844,-0.033,0.248
3.854,-0.032,0.252
3.864,-0.03,0.257
3.874,-0.029,0.262
3.884,-0.027,0.267
3.894,-0.025,0.272
3.904,-0.023,0.277
3.913,-0.021,0.282
3.923,-0.019,0.287
3.933,-0.017,0.292
3.943,-0.015,0.297
3.952,-0.013,0.302
3.962,-0.01,0.308
3.972,-0.008,0.313
3.982,-0.005,0.318
3.991,-0.003,0.324
4.001,0.0,0.329
4.01,0.003,0.334
4.02,0.006,0.34
4.029,0.009,0.345
4.039,0.012,0.351
4.048,0.015,0.356
4.058,0.019,0.362
4.067,0.022,0.368
4.077,0.026,0.373
4.086,0.029,0.379
4.095,0.033,0.385
4.105,0.036,0.39
4.114,0.04,0.396
4.123,0.044,0.402
4.132,0.048,0.408
4.141,0.052,0.413
4.151,0.056,0.419
4.16,0.06,0.425
4.169,0.065,0.431
4.178,0.069,0.437
4.187,0.073,0.443
4.196,0.078,0.449
4.205,0.082,0.455
4.213,0.087,0.461
4.222,0.092,0.467
4.231,0.096,0.473
4.24,0.101,0.478
4.248,0.106,0.484
4.257,0.111,0.49
4.266,0.116,0.496
4.274,0.121,0.502
4.283,0.126,0.508
4.292,0.132,0.514
4.3,0.137,0.52
4.308,0.142,0.526
4.317,0.148,0.532
4.325,0.153,0.538
4.334,0.159,0.544
4.342,0.164,0.55
4.35,0.17,0.556
4.358,0.176,0.562
4.367,0.181,0.568
4.375,0.187,0.574
4.383,0.193,0.58
4.391,0.199,0.586
4.399,0.205,0.592
4.407,0.211,0.598
4.415,0.217,0.604
4.423,0.223,0.61
4.431,0.229,0.615
4.438,0.235,0.621
4.446,0.242,0.627
4.454,0.248,0.633
4.462,0.254,0.639
4.469,0.261,0.644
4.477,0.267,0.65
4.485,0.274,0.656
4.492,0.28,0.662
4.5,0.287,0.667
4.507,0.294,0.673
4.514,0.3,0.679
4.522,0.307,0.684
4.529,0.314,0.69
4.536,0.321,0.695
4.544,0.328,0.701
4.551,0.335,0.706
4.558,0.342,0.712
4.565,0.349,0.717
4.572,0.356,0.723
4.579,0.363,0.728
4.586,0.37,0.734
4.593,0.377,0.739
4.6,0.384,0.745
4.607,0.392,0.75
4.614,0.399,0.755
4.621,0.406,0.761
4.627,0.414,0.766
4.634,0.421,0.771
4.641,0.429,0.776
4.647,0.436,0.782
4.654,0.444,0.787
4.66,0.451,0.792
4.667,0.459,0.797
4.673,0.467,0.802
4.679,0.474,0.807
4.686,0.482,0.813
4.692,0.49,0.818
4.698,0.498,0.823
4.704,0.506,0.828
4.711,0.514,0.833
4.717,0.521,0.838
4.723,0.529,0.843
4.729,0.537,0.847
4.735,0.546,0.852
4.74,0.554,0.857
4.746,0.562,0.862
4.752,0.57,0.867
4.758,0.578,0.872
4.764,0.586,0.876
4.769,0.594,0.881
4.775,0.603,0.886
4.781,0.611,0.891
4.786,0.619,0.895
4.792,0.628,0.9
4.797,0.636,0.905
4.802,0.644,0.909
4.808,0.653,0.914
4.813,0.661,0.918
4.819,0.67,0.923
4.824,0.678,0.927
4.829,0.687,0.932
4.834,0.695,0.936
4.839,0.704,0.941
4.845,0.712,0.945
4.85,0.721,0.95
4.855,0.73,0.954
4.86,0.738,0.959
4.865,0.747,0.963
4.87,0.756,0.967
4.875,0.764,0.972
4.88,0.773,0.976
4.885,0.782,0.98
4.89,0.79,0.985
4.894,0.799,0.989
4.899,0.808,0.994
4.904,0.817,0.998
4.909,0.825,1.002
4.914,0.834,1.007
4.918,0.843,1.011
4.923,0.852,1.015
4.928,0.861,1.019
4.933,0.869,1.024
4.937,0.878,1.028
4.942,0.887,1.032
4.947,0.896,1.037
4.951,0.905,1.041
4.956,0.914,1.045
4.96,0.923,1.05
4.965,0.931,1.054
4.97,0.94,1.058
4.974,0.949,1.062
4.979,0.958,1.067
4.983,0.967,1.071
4.988,0.976,1.075
4.992,0.985,1.08
4.997,0.994,1.084
5.001,1.003,1.088
5.006,1.012,1.092
5.01,1.021,1.097
5.015,1.029,1.101
5.019,1.038,1.105
5.024,1.047,1.11
5.028,1.056,1.114
5.033,1.065,1.118
5.037,1.074,1.123
5.042,1.083,1.127
5.046,1.092,1.131
5.051,1.101,1.135
5.055,1.11,1.14
5.06,1.119,1.144
5.064,1.128,1.148
5.068,1.137,1.153
5.073,1.146,1.157
5.077,1.155,1.161
5.082,1.164,1.166
5.086,1.173,1.17
5.09,1.182,1.174
5.094,1.191,1.179
5.099,1.2,1.183
5.103,1.209,1.187
5.107,1.218,1.192
5.111,1.227,1.196
5.116,1.236,1.2
5.12,1.245,1.205
5.124,1.254,1.209
5.128,1.264,1.213
5.132,1.273,1.218
5.136,1.282,1.222
5.14,1.291,1.226
5.144,1.3,1.231
5.148,1.309,1.235
5.152,1.318,1.239
5.156,1.328,1.244
5.16,1.337,1.248
5.164,1.346,1.252
5.168,1.355,1.257
5.172,1.364,1.261
5.176,1.374,1.266
5.179,1.383,1.27
5.183,1.392,1.274
5.187,1.402,1.279
5.191,1.411,1.283
5.194,1.42,1.288
5.198,1.429,1.292
5.201,1.439,1.296
5.205,1.448,1.301
5.208,1.458,1.305
5.212,1.467,1.31
5.215,1.476,1.314
5.219,1.486,1.319
5.222,1.495,1.323
5.225,1.505,1.327
5.228,1.514,1.332
5.232,1.524,1.336
5.235,1.533,1.341
5.238,1.543,1.345
5.241,1.552,1.35
5.244,1.562,1.354
5.247,1.571,1.359
5.25,1.581,1.364
5.253,1.59,1.368
5.255,1.6,1.373
5.258,1.61,1.377
5.261,1.619,1.382
5.263,1.629,1.386
5.266,1.639,1.391
5.269,1.648,1.396
5.271,1.658,1.4
5.273,1.668,1.405
5.276,1.677,1.41
5.278,1.687,1.415
5.28,1.697,1.419
5.282,1.707,1.424
5.285,1.716,1.429
5.287,1.726,1.434
5.289,1.736,1.439
5.291,1.746,1.444
5.292,1.756,1.448
5.294,1.765,1.453
5.296,1.775,1.458
5.298,1.785,1.463
5.299,1.795,1.468
5.301,1.805,1.473
5.302,1.815,1.478
5.304,1.825,1.483
5.305,1.835,1.488
5.306,1.844,1.494
5.307,1.854,1.499
5.308,1.864,1.504
5.31,1.874,1.509
5.311,1.884,1.514
5.311,1.894,1.52
5.312,1.904,1.525
5.313,1.914,1.53
5.314,1.924,1.536
5.314,1.934,1.541
5.315,1.944,1.547
5.316,1.954,1.552
5.316,1.964,1.558
5.316,1.974,1.563
5.317,1.984,1.569
5.317,1.994,1.574
5.317,2.004,1.58
5.317,2.014,1.586
5.317,2.024,1.591
5.317,2.034,1.597
5.317,2.044,1.603
5.317,2.054,1.609
5.317,2.064,1.615
5.317,2.074,1.621
5.316,2.084,1.626
5.316,2.094,1.632
5.315,2.104,1.638
5.315,2.114,1.644
5.314,2.124,1.65
5.313,2.134,1.656
5.313,2.144,1.663
5.312,2.154,1.669
5.311,2.164,1.675
5.31,2.174,1.681
5.309,2.184,1.687
5.308,2.194,1.693
5.307,2.204,1.7
5.306,2.214,1.706
5.304,2.223,1.712
5.303,2.233,1.718
5.302,2.243,1.725
5.3,2.253,1.731
5.299,2.263,1.737
5.297,2.273,1.744
5.296,2.283,1.75
5.294,2.293,1.757
5.292,2.303,1.763
5.29,2.312,1.77
5.288,2.322,1.776
5.286,2.332,1.783
5.284,2.342,1.789
5.282,2.352,1.796
5.28,2.361,1.802
5.278,2.371,1.809
5.276,2.381,1.816
5.273,2.391,1.822
5.271,2.4,1.829
5.268,2.41,1.836
5.266,2.42,1.842
5.263,2.429,1.849
5.261,2.439,1.856
5.258,2.448,1.863
5.255,2.458,1.869
5.252,2.468,1.876
5.249,2.477,1.883
5.246,2.487,1.89
5.243,2.496,1.897
5.24,2.506,1.904
5.237,2.515,1.91
5.234,2.525,1.917
5.23,2.534,1.924
5.227,2.544,1.931
5.224,2.553,1.938
5.22,2.562,1.945
5.217,2.572,1.952
5.213,2.581,1.959
5.209,2.59,1.966
5.205,2.6,1.973
5.202,2.609,1.98
5.198,2.618,1.987
5.194,2.627,1.994
5.19,2.636,2.001
5.186,2.646,2.009
5.182,2.655,2.016
5.178,2.664,2.023
5.173,2.673,2.03
5.169,2.682,2.037
5.165,2.691,2.044
5.16,2.7,2.052
5.156,2.709,2.059
5.151,2.718,2.066
5.146,2.726,2.073
5.142,2.735,2.081
5.137,2.744,2.088
5.132,2.753,2.095
5.127,2.762,2.103
5.122,2.77,2.11
5.117,2.779,2.117
5.112,2.788,2.125
5.107,2.796,2.132
5.102,2.805,2.14
5.097,2.813,2.147
5.092,2.822,2.155
5.086,2.83,2.162
5.081,2.839,2.17
5.075,2.847,2.177
5.07,2.855,2.185
5.064,2.864,2.192
5.058,2.872,2.2
5.053,2.88,2.207
5.047,2.888,2.215
5.041,2.896,2.223
5.035,2.904,2.231
5.029,2.912,2.238
5.023,2.92,2.246
5.017,2.928,2.254
5.011,2.936,2.262
5.005,2.944,2.269
4.999,2.952,2.277
4.992,2.96,2.285
4.986,2.967,2.293
4.979,2.975,2.301
4.973,2.983,2.309
4.966,2.99,2.317
4.96,2.998,2.325
4.953,3.005,2.333
4.946,3.013,2.341
4.94,3.02,2.349
4.933,3.027,2.357
4.926,3.034,2.365
4.919,3.042,2.373
4.912,3.049,2.381
4.905,3.056,2.389
4.898,3.063,2.397
4.891,3.07,2.406
4.884,3.077,2.414
4.876,3.084,2.422
4.869,3.091,2.43
4.862,3.098,2.438
4.854,3.104,2.446
4.847,3.111,2.454
4.839,3.118,2.462
4.832,3.124,2.47
4.824,3.131,2.479
4.817,3.137,2.487
4.809,3.144,2.495
4.801,3.15,2.503
4.794,3.156,2.511
4.786,3.162,2.519
4.778,3.169,2.527
4.77,3.175,2.535
4.762,3.181,2.543
4.754,3.187,2.551
4.746,3.193,2.559
4.738,3.199,2.567
4.73,3.204,2.575
4.721,3.21,2.583
4.713,3.216,2.591
4.705,3.221,2.599
4.697,3.227,2.607
4.688,3.232,2.615
4.68,3.238,2.622
4.671,3.243,2.63
4.663,3.248,2.638
4.654,3.254,2.646
4.646,3.259,2.653
4.637,3.264,2.661
4.628,3.269,2.669
4.62,3.274,2.676
4.611,3.278,2.684
4.602,3.283,2.691
4.593,3.288,2.699
4.584,3.292,2.706
4.575,3.297,2.713
4.567,3.301,2.721
4.558,3.306,2.728
4.548,3.31,2.735
4.539,3.314,2.742
4.53,3.318,2.749
4.521,3.322,2.757
4.512,3.326,2.764
4.503,3.33,2.77
4.493,3.334,2.777
4.484,3.338,2.784
4.475,3.341,2.791
4.465,3.345,2.798
4.456,3.348,2.804
4.447,3.351,2.811
4.437,3.355,2.817
4.428,3.358,2.824
4.418,3.361,2.83
4.409,3.364,2.837
4.399,3.366,2.843
4.389,3.369,2.849
4.38,3.372,2.856
4.37,3.374,2.862
4.36,3.377,2.868
4.351,3.379,2.874
4.341,3.381,2.88
4.331,3.383,2.886
4.321,3.385,2.892
4.311,3.387,2.898
4.302,3.389,2.903
4.292,3.391,2.909
4.282,3.392,2.915
4.272,3.393,2.92
4.262,3.395,2.926
4.252,3.396,2.931
4.242,3.397,2.937
4.232,3.398,2.942
4.222,3.399,2.948
4.212,3.399,2.953
4.202,3.4,2.958
4.192,3.4,2.963
4.182,3.401,2.969
4.172,3.401,2.974
4.162,3.401,2.979
4.152,3.401,2.984
4.142,3.401,2.989
4.132,3.4,2.993
4.122,3.4,2.998
4.112,3.4,3.003
4.102,3.399,3.008
4.092,3.398,3.012
4.082,3.397,3.017
4.072,3.397,3.022
4.062,3.396,3.026
4.052,3.395,3.031
4.043,3.393,3.035
4.033,3.392,3.039
4.023,3.391,3.044
4.013,3.39,3.048
4.003,3.388,3.052
3.993,3.387,3.057
3.983,3.385,3.061
3.973,3.383,3.065
3.963,3.382,3.069
3.954,3.38,3.073
3.944,3.378,3.077
3.934,3.376,3.081
3.924,3.374,3.085
3.914,3.372,3.089
3.904,3.37,3.092
3.895,3.368,3.096
3.885,3.366,3.1
3.875,3.364,3.104
3.865,3.362,3.107
3.856,3.36,3.111
3.846,3.358,3.114
3.836,3.355,3.118
3.826,3.353,3.121
3.817,3.351,3.125
3.807,3.349,3.128
3.797,3.346,3.132
3.787,3.344,3.135
3.778,3.342,3.138
3.768,3.339,3.141
3.758,3.337,-3.138
3.749,3.335,-3.135
3.739,3.332,-3.132
3.729,3.33,-3.129
3.719,3.328,-3.126
3.71,3.325,-3.123
3.7,3.323,-3.12
3.69,3.321,-3.117
3.68,3.318,-3.114
3.671,3.316,-3.111
3.661,3.314,-3.109
3.651,3.311,-3.106
3.642,3.309,-3.103
3.632,3.307,-3.1
3.622,3.305,-3.098
3.612,3.303,-3.095
3.602,3.301,-3.093
3.593,3.298,-3.09
3.583,3.296,-3.088
3.573,3.294,-3.085
3.563,3.292,-3.083
3.554,3.29,-3.08
3.544,3.289,-3.078
3.534,3.287,-3.076
3.524,3.285,-3.074
3.514,3.283,-3.071
3.504,3.281,-3.069
3.495,3.279,-3.067
3.485,3.278,-3.065
3.475,3.276,-3.063
3.465,3.274,-3.061
3.455,3.273,-3.059
3.445,3.271,-3.057
3.435,3.269,-3.056
3.425,3.268,-3.054
3.416,3.266,-3.052
3.406,3.265,-3.051
3.396,3.263,-3.049
3.386,3.262,-3.048
3.376,3.261,-3.046
3.366,3.259,-3.045
3.356,3.258,-3.044
3.346,3.257,-3.042
3.336,3.255,-3.041
3.326,3.254,-3.04
3.317,3.253,-3.039
3.307,3.252,-3.038
3.297,3.25,-3.037
3.287,3.249,-3.036
3.277,3.248,-3.036
3.267,3.247,-3.035
3.257,3.246,-3.035
3.247,3.245,-3.034
3.237,3.244,-3.034
3.227,3.243,-3.033
3.217,3.242,-3.033
3.207,3.241,-3.033
3.197,3.24,-3.033
3.187,3.239,-3.033
3.177,3.238,-3.033
3.167,3.237,-3.033
3.157,3.236,-3.033
3.147,3.235,-3.034
3.138,3.234,-3.034
3.128,3.233,-3.035
3.118,3.232,-3.035
3.108,3.232,-3.036
3.098,3.231,-3.037
3.088,3.23,-3.038
3.078,3.229,-3.039
3.068,3.228,-3.04
3.058,3.228,-3.041
3.048,3.227,-3.042
3.038,3.226,-3.043
3.028,3.225,-3.044
3.018,3.225,-3.046
3.008,3.224,-3.047
2.998,3.223,-3.049
2.988,3.223,-3.05
2.978,3.222,-3.052
2.968,3.221,-3.054
2.958,3.221,-3.055
2.948,3.22,-3.057
2.938,3.22,-3.059
2.928,3.219,-3.061
2.918,3.218,-3.063
2.908,3.218,-3.065
2.898,3.217,-3.067
2.888,3.216,-3.069
2.878,3.216,-3.072
2.868,3.215,-3.074
2.858,3.215,-3.076
2.848,3.214,-3.079
2.838,3.214,-3.081
2.828,3.213,-3.083
2.818,3.212,-3.086
2.808,3.212,-3.088
2.798,3.211,-3.091
2.788,3.211,-3.093
2.778,3.21,-3.096
2.768,3.21,-3.099
2.758,3.209,-3.101
2.748,3.209,-3.104
2.738,3.208,-3.107
2.728,3.207,-3.109
2.718,3.207,-3.112
2.708,3.206,-3.115
2.698,3.206,-3.117
2.688,3.205,-3.12
2.678,3.205,-3.123
2.669,3.204,-3.126
2.659,3.203,-3.128
2.649,3.203,-3.131
2.639,3.202,-3.134
2.629,3.202,-3.137
2.619,3.201,-3.14
2.609,3.201,3.141
2.599,3.2,3.138
2.589,3.199,3.135
2.579,3.199,3.133
2.569,3.198,3.13
2.559,3.197,3.127
2.549,3.197,3.124
2.539,3.196,3.122
2.529,3.196,3.119
2.519,3.195,3.116
2.509,3.194,3.114
2.499,3.194,3.111
2.489,3.193,3.108
2.479,3.192,3.106
2.469,3.192,3.103
2.459,3.191,3.101
2.449,3.191,3.098
2.439,3.19,3.095
2.429,3.19,3.093
2.419,3.189,3.09
2.409,3.188,3.088
2.399,3.188,3.085
2.389,3.188,3.083
2.379,3.187,3.08
2.369,3.187,3.078
2.359,3.186,3.075
2.349,3.186,3.073
2.339,3.186,3.071
2.329,3.185,3.068
2.319,3.185,3.066
2.309,3.185,3.064
2.299,3.184,3.061
2.289,3.184,3.059
2.279,3.184,3.057
2.269,3.184,3.054
2.259,3.184,3.052
2.249,3.184,3.05
2.239,3.184,3.048
2.229,3.184,3.046
2.219,3.184,3.044
2.209,3.184,3.042
2.199,3.184,3.039
2.189,3.184,3.037
2.179,3.185,3.035
2.169,3.185,3.033
2.159,3.185,3.032
2.149,3.186,3.03
2.139,3.186,3.028
2.129,3.187,3.026
2.119,3.187,3.024
2.109,3.188,3.022
2.099,3.189,3.021
2.089,3.19,3.019
2.079,3.191,3.017
2.069,3.191,3.016
2.059,3.192,3.014
2.049,3.194,3.012
2.039,3.195,3.011
2.03,3.196,3.009
2.02,3.197,3.008
2.01,3.199,3.006
2.0,3.2,3.005
1.99,3.202,3.004
1.98,3.203,3.002
1.97,3.205,3.001
1.96,3.207,3.0
1.951,3.208,2.999
1.941,3.21,2.998
1.931,3.212,2.997
1.921,3.214,2.996
1.911,3.216,2.995
1.902,3.219,2.994
1.892,3.221,2.993
1.882,3.223,2.992
1.872,3.225,2.991
1.863,3.228,2.99
1.853,3.23,2.989
1.843,3.233,2.989
1.834,3.235,2.988
1.824,3.238,2.987
1.814,3.241,2.986
1.805,3.243,2.986
1.795,3.246,2.985
1.785,3.249,2.985
1.776,3.252,2.984
1.766,3.255,2.984
1.757,3.258,2.983
1.747,3.26,2.983
1.738,3.264,2.982
1.728,3.267,2.982
1.719,3.27,2.981
1.709,3.273,2.981
1.7,3.276,2.981
1.69,3.279,2.98
1.681,3.282,2.98
1.671,3.285,2.98
1.662,3.289,2.979
1.652,3.292,2.979
1.643,3.295,2.979
1.633,3.299,2.978
1.624,3.302,2.978
1.615,3.305,2.978
1.605,3.309,2.978
1.596,3.312,2.978
1.586,3.316,2.977
1.577,3.319,2.977
1.568,3.322,2.977
1.558,3.326,2.977
1.549,3.329,2.977
1.539,3.333,2.977
1.53,3.336,2.977
1.521,3.34,2.976
1.511,3.343,2.976
1.502,3.347,2.976
1.493,3.35,2.976
1.483,3.354,2.976
1.474,3.357,2.976
1.464,3.361,2.976
1.455,3.364,2.976
1.446,3.368,2.976
1.436,3.371,2.976
1.427,3.375,2.976
1.418,3.378,2.976
1.408,3.382,2.976
1.399,3.385,2.976
1.389,3.388,2.976
1.38,3.392,2.976
1.371,3.395,2.976
1.361,3.399,2.977
1.352,3.402,2.977
1.342,3.405,2.977
1.333,3.409,2.977
1.323,3.412,2.977
1.314,3.415,2.977
1.305,3.418,2.978
1.295,3.422,2.978
1.286,3.425,2.978
1.276,3.428,2.978
1.267,3.431,2.979
1.257,3.434,2.979
1.248,3.437,2.979
1.238,3.44,2.98
1.229,3.443,2.98
1.219,3.446,2.98
1.209,3.449,2.981
1.2,3.452,2.981
1.19,3.455,2.981
1.181,3.458,2.982
1.171,3.461,2.982
1.161,3.463,2.983
1.152,3.466,2.983
1.142,3.469,2.984
1.133,3.471,2.984
1.123,3.474,2.985
1.113,3.476,2.985
1.103,3.478,2.986
1.094,3.481,2.986
1.084,3.483,2.987
1.074,3.485,2.988
1.064,3.487,2.988
1.055,3.49,2.989
1.045,3.492,2.99
1.035,3.494,2.99
1.025,3.495,2.991
1.015,3.497,2.992
1.006,3.499,2.993
0.996,3.501,2.993
0.986,3.502,2.994
0.976,3.504,2.995
0.966,3.505,2.996
0.956,3.507,2.997
0.946,3.508,2.997
0.936,3.509,2.998
0.926,3.511,2.999
0.916,3.512,3.0
0.907,3.513,3.001
0.897,3.514,3.002
0.887,3.515,3.002
0.877,3.516,3.003
0.867,3.516,3.004
0.857,3.517,3.005
0.847,3.518,3.006
0.837,3.518,3.007
0.827,3.519,3.008
0.817,3.52,3.009
0.807,3.52,3.009
0.797,3.521,3.01
0.787,3.521,3.011
0.777,3.521,3.012
0.767,3.522,3.013
0.757,3.522,3.014
0.747,3.522,3.015
0.737,3.522,3.015
0.727,3.522,3.016
0.717,3.522,3.017
0.707,3.522,3.018
0.697,3.523,3.019
0.687,3.522,3.02
0.677,3.522,3.021
0.667,3.522,3.021
0.657,3.522,3.022
0.647,3.522,3.023
0.637,3.522,3.024
0.627,3.522,3.025
0.617,3.521,3.025
0.607,3.521,3.026
0.597,3.521,3.027
0.587,3.521,3.028
0.577,3.52,3.028
0.567,3.52,3.029
0.557,3.519,3.03
0.547,3.519,3.031
0.537,3.519,3.031
0.527,3.518,3.032
0.517,3.518,3.033
0.507,3.517,3.033
0.497,3.517,3.034
0.487,3.516,3.035
0.477,3.516,3.035
0.467,3.515,3.036
0.457,3.515,3.036
0.447,3.514,3.037
0.437,3.514,3.038
0.427,3.513,3.038
0.417,3.512,3.039
0.407,3.512,3.039
0.397,3.511,3.04
0.387,3.511,3.04
0.377,3.51,3.041
0.367,3.51,3.041
0.357,3.509,3.041
0.347,3.509,3.042
0.337,3.508,3.042
0.327,3.507,3.043
0.317,3.507,3.043
0.307,3.506,3.043
0.297,3.506,3.044
0.287,3.505,3.044
0.277,3.505,3.044
0.267,3.504,3.044
0.257,3.504,3.044
0.247,3.503,3.045
0.237,3.503,3.045
0.227,3.502,3.045
0.217,3.502,3.045
0.207,3.502,3.045
0.197,3.501,3.045
0.187,3.501,3.045
0.177,3.501,3.045
0.167,3.5,3.045
0.157,3.5,3.045
0.147,3.5,3.045
0.137,3.499,3.045
0.127,3.499,3.045
0.117,3.499,3.044
0.107,3.499,3.044
0.097,3.499,3.044
0.087,3.499,3.044
0.077,3.499,3.043
0.067,3.499,3.043
0.057,3.499,3.043
0.047,3.499,3.042
0.037,3.499,3.042
0.027,3.499,3.041
0.017,3.5,3.041
0.007,3.5,3.04
-0.003,3.5,3.04
-0.013,3.5,3.039
-0.023,3.501,3.038
-0.033,3.501,3.038
-0.043,3.502,3.037
-0.053,3.502,3.036
-0.062,3.503,3.035
-0.072,3.504,3.035
-0.082,3.504,3.034
-0.092,3.505,3.033
-0.102,3.506,3.032
-0.112,3.507,3.031
-0.122,3.508,3.03
-0.132,3.509,3.029
-0.142,3.51,3.028
-0.152,3.511,3.027
-0.162,3.512,3.026
-0.172,3.513,3.025
-0.182,3.514,3.023
-0.192,3.515,3.022
-0.202,3.516,3.021
-0.212,3.518,3.02
-0.222,3.519,3.019
-0.232,3.52,3.017
-0.241,3.522,3.016
-0.251,3.523,3.015
-0.261,3.524,3.014
-0.271,3.526,3.012
-0.281,3.528,3.011
-0.291,3.529,3.01
-0.301,3.531,3.008
-0.311,3.532,3.007
-0.321,3.534,3.006
-0.33,3.536,3.004
-0.34,3.538,3.003
-0.35,3.539,3.002
-0.36,3.541,3.0
-0.37,3.543,2.999
-0.38,3.545,2.997
-0.389,3.547,2.996
-0.399,3.549,2.995
-0.409,3.551,2.993
-0.419,3.553,2.992
-0.429,3.555,2.99
-0.438,3.557,2.989
-0.448,3.559,2.988
-0.458,3.561,2.986
-0.468,3.563,2.985
-0.477,3.566,2.983
-0.487,3.568,2.982
-0.497,3.57,2.981
-0.507,3.572,2.979
-0.516,3.575,2.978
-0.526,3.577,2.976
-0.536,3.579,2.975
-0.546,3.582,2.974
-0.555,3.584,2.972
-0.565,3.586,2.971
-0.575,3.589,2.969
-0.584,3.591,2.968
-0.594,3.594,2.967
-0.604,3.596,2.965
-0.613,3.599,2.964
-0.623,3.601,2.963
-0.633,3.604,2.962
-0.642,3.606,2.96
-0.652,3.609,2.959
-0.662,3.611,2.958
-0.671,3.614,2.957
-0.681,3.617,2.955
-0.691,3.619,2.954
-0.7,3.622,2.953
-0.71,3.625,2.952
-0.72,3.627,2.951
-0.729,3.63,2.95
-0.739,3.633,2.949
-0.748,3.635,2.948
-0.758,3.638,2.946
-0.768,3.641,2.945
-0.777,3.644,2.944
-0.787,3.646,2.943
-0.797,3.649,2.943
-0.806,3.652,2.942
-0.816,3.655,2.941
-0.825,3.657,2.94
-0.835,3.66,2.939
-0.845,3.663,2.938
-0.854,3.666,2.937
-0.864,3.669,2.937
-0.873,3.672,2.936
-0.883,3.674,2.935
-0.893,3.677,2.935
-0.902,3.68,2.934
-0.912,3.683,2.933
-0.921,3.686,2.933
-0.931,3.689,2.932
-0.94,3.691,2.932
-0.95,3.694,2.931
-0.96,3.697,2.931
-0.969,3.7,2.931
-0.979,3.703,2.93
-0.988,3.706,2.93
-0.998,3.708,2.93
-1.008,3.711,2.93
-1.017,3.714,2.929
-1.027,3.717,2.929
-1.036,3.72,2.929
-1.046,3.723,2.929
-1.056,3.725,2.929
-1.065,3.728,2.929
-1.075,3.731,2.929
-1.084,3.734,2.929
-1.094,3.737,2.93
-1.104,3.739,2.93
-1.113,3.742,2.93
-1.123,3.745,2.93
-1.132,3.748,2.931
-1.142,3.751,2.931
-1.152,3.753,2.931
-1.161,3.756,2.932
-1.171,3.759,2.932
-1.18,3.761,2.933
-1.19,3.764,2.934
-1.2,3.767,2.934
-1.209,3.77,2.935
-1.219,3.772,2.936
-1.229,3.775,2.936
-1.238,3.778,2.937
-1.248,3.78,2.938
-1.258,3.783,2.939
-1.267,3.786,2.94
-1.277,3.788,2.941
-1.286,3.791,2.942
-1.296,3.793,2.943
-1.306,3.796,2.944
-1.315,3.799,2.945
-1.325,3.801,2.947
-1.335,3.804,2.948
-1.344,3.806,2.949
-1.354,3.809,2.951
-1.364,3.811,2.952
-1.374,3.814,2.953
-1.383,3.816,2.955
-1.393,3.818,2.956
-1.403,3.821,2.958
-1.412,3.823,2.96
-1.422,3.826,2.961
-1.432,3.828,2.963
-1.442,3.83,2.965
-1.451,3.833,2.967
-1.461,3.835,2.969
-1.471,3.837,2.971
-1.48,3.839,2.973
-1.49,3.842,2.975
-1.5,3.844,2.977
-1.51,3.846,2.979
-1.519,3.848,2.982
-1.529,3.85,2.984
-1.539,3.853,2.986
-1.549,3.855,2.989
-1.559,3.857,2.991
-1.568,3.859,2.994
-1.578,3.861,2.997
-1.588,3.863,2.999
-1.598,3.865,3.002
-1.608,3.867,3.005
-1.617,3.869,3.008
-1.627,3.871,3.011
-1.637,3.873,3.014
-1.647,3.874,3.017
-1.657,3.876,3.02
-1.666,3.878,3.023
-1.676,3.88,3.027
-1.686,3.882,3.03
-1.696,3.883,3.034
-1.706,3.885,3.037
-1.716,3.887,3.041
-1.726,3.888,3.045
-1.735,3.89,3.049
-1.745,3.892,3.053
-1.755,3.893,3.057
-1.765,3.895,3.061
-1.775,3.896,3.065
-1.785,3.898,3.07
-1.795,3.899,3.074
-1.805,3.901,3.078
-1.815,3.902,3.083
-1.824,3.903,3.088
-1.834,3.905,3.093
-1.844,3.906,3.098
-1.854,3.907,3.103
-1.864,3.909,3.108
-1.874,3.91,3.113
-1.884,3.911,3.118
-1.894,3.912,3.124
-1.904,3.913,3.129
-1.914,3.915,3.135
-1.924,3.916,3.141
-1.934,3.917,-3.137
-1.944,3.918,-3.131
-1.954,3.919,-3.125
-1.963,3.92,-3.119
-1.973,3.92,-3.112
-1.983,3.921,-3.106
-1.993,3.922,-3.1
-2.003,3.923,-3.094
-2.013,3.924,-3.087
-2.023,3.925,-3.081
-2.033,3.925,-3.074
-2.043,3.926,-3.067
-2.053,3.926,-3.061
-2.063,3.927,-3.054
-2.073,3.928,-3.047
-2.083,3.928,-3.04
-2.093,3.929,-3.033
-2.103,3.929,-3.026
-2.113,3.929,-3.019
-2.123,3.93,-3.011
-2.133,3.93,-3.004
-2.143,3.93,-2.997
-2.153,3.93,-2.989
-2.163,3.931,-2.982
-2.173,3.931,-2.974
-2.183,3.931,-2.967
-2.193,3.931,-2.959
-2.203,3.931,-2.952
-2.213,3.931,-2.944
-2.223,3.931,-2.936
-2.233,3.93,-2.928
-2.243,3.93,-2.92
-2.253,3.93,-2.912
-2.263,3.93,-2.904
-2.273,3.929,-2.896
-2.283,3.929,-2.888
-2.293,3.928,-2.88
-2.303,3.928,-2.872
-2.313,3.927,-2.863
-2.323,3.926,-2.855
-2.333,3.926,-2.847
-2.343,3.925,-2.838
-2.353,3.924,-2.83
-2.363,3.923,-2.821
-2.373,3.922,-2.813
-2.383,3.921,-2.804
-2.393,3.92,-2.795
-2.403,3.918,-2.787
-2.413,3.917,-2.778
-2.422,3.916,-2.769
-2.432,3.914,-2.76
-2.442,3.913,-2.751
-2.452,3.911,-2.742
-2.462,3.909,-2.733
-2.472,3.908,-2.724
-2.482,3.906,-2.715
-2.491,3.904,-2.706
-2.501,3.902,-2.697
-2.511,3.899,-2.688
-2.521,3.897,-2.679
-2.53,3.895,-2.67
-2.54,3.892,-2.661
-2.55,3.89,-2.651
-2.559,3.887,-2.642
-2.569,3.884,-2.633
-2.579,3.881,-2.623
-2.588,3.878,-2.614
-2.598,3.875,-2.605
-2.607,3.872,-2.595
-2.616,3.869,-2.586
-2.626,3.865,-2.577
-2.635,3.862,-2.567
-2.644,3.858,-2.558
-2.654,3.854,-2.548
-2.663,3.85,-2.539
-2.672,3.846,-2.529
-2.681,3.841,-2.52
-2.69,3.837,-2.511
-2.699,3.832,-2.501
-2.707,3.827,-2.492
-2.716,3.822,-2.482
-2.725,3.817,-2.473
-2.733,3.812,-2.463
-2.741,3.806,-2.454
-2.75,3.801,-2.444
-2.758,3.795,-2.435
-2.766,3.789,-2.426
-2.774,3.783,-2.416
-2.781,3.776,-2.407
-2.789,3.77,-2.397
-2.797,3.763,-2.388
-2.804,3.756,-2.379
-2.811,3.749,-2.369
-2.818,3.742,-2.36
-2.825,3.735,-2.351
-2.831,3.727,-2.342
-2.838,3.72,-2.332
-2.844,3.712,-2.323
-2.85,3.704,-2.314
-2.856,3.696,-2.305
-2.861,3.688,-2.296
-2.867,3.679,-2.287
-2.872,3.671,-2.277
-2.878,3.662,-2.268
-2.883,3.654,-2.259
-2.887,3.645,-2.25
-2.892,3.636,-2.241
-2.897,3.627,-2.233
-2.901,3.618,-2.224
-2.905,3.609,-2.215
-2.909,3.6,-2.206
-2.913,3.591,-2.197
-2.917,3.581,-2.189
-2.921,3.572,-2.18
-2.924,3.563,-2.171
-2.927,3.553,-2.163
-2.931,3.544,-2.154
-2.934,3.534,-2.146
-2.937,3.525,-2.137
-2.94,3.515,-2.129
-2.943,3.506,-2.121
-2.945,3.496,-2.112
-2.948,3.486,-2.104
-2.95,3.477,-2.096
-2.953,3.467,-2.088
-2.955,3.457,-2.079
-2.957,3.447,-2.071
-2.959,3.438,-2.063
-2.961,3.428,-2.055
-2.963,3.418,-2.048
-2.965,3.408,-2.04
-2.967,3.398,-2.032
-2.968,3.388,-2.024
-2.97,3.379,-2.016
-2.971,3.369,-2.009
-2.973,3.359,-2.001
-2.974,3.349,-1.994
-2.976,3.339,-1.986
-2.977,3.329,-1.979
-2.978,3.319,-1.971
-2.98,3.309,-1.964
-2.981,3.299,-1.957
-2.982,3.289,-1.949
-2.983,3.279,-1.942
-2.984,3.27,-1.935
-2.985,3.26,-1.928
-2.986,3.25,-1.921
-2.986,3.24,-1.914
-2.987,3.23,-1.907
-2.988,3.22,-1.9
-2.989,3.21,-1.894
-2.989,3.2,-1.887
-2.99,3.19,-1.88
-2.991,3.18,-1.874
-2.991,3.17,-1.867
-2.992,3.16,-1.861
-2.993,3.15,-1.854
-2.993,3.14,-1.848
-2.994,3.13,-1.842
-2.994,3.12,-1.835
-2.994,3.11,-1.829
-2.995,3.1,-1.823
-2.995,3.09,-1.817
-2.996,3.08,-1.811
-2.996,3.07,-1.805
-2.996,3.06,-1.799
-2.997,3.05,-1.793
-2.997,3.04,-1.787
-2.997,3.03,-1.782
-2.998,3.02,-1.776
-2.998,3.01,-1.77
-2.998,3.0,-1.765
-2.998,2.99,-1.759
-2.999,2.98,-1.754
-2.999,2.97,-1.749
-2.999,2.96,-1.743
-2.999,2.95,-1.738
-2.999,2.94,-1.733
-3.0,2.93,-1.728
-3.0,2.92,-1.723
-3.0,2.91,-1.718
-3.0,2.9,-1.713
-3.0,2.89,-1.709
-3.0,2.88,-1.704
-3.0,2.87,-1.699
-3.001,2.86,-1.695
-3.001,2.85,-1.691
-3.001,2.84,-1.686
-3.001,2.83,-1.682
-3.001,2.82,-1.678
-3.001,2.81,-1.674
-3.001,2.8,-1.67
-3.001,2.79,-1.666
-3.002,2.78,-1.663
-3.002,2.77,-1.659
-3.002,2.76,-1.655
-3.002,2.75,-1.652
-3.002,2.74,-1.649
-3.002,2.73,-1.646
-3.002,2.72,-1.642
-3.002,2.71,-1.639
-3.002,2.7,-1.637
-3.002,2.69,-1.634
-3.003,2.68,-1.631
-3.003,2.67,-1.628
-3.003,2.66,-1.626
-3.003,2.65,-1.623
-3.003,2.64,-1.621
-3.003,2.63,-1.619
-3.003,2.62,-1.616
-3.003,2.61,-1.614
-3.003,2.6,-1.612
-3.003,2.59,-1.61
-3.003,2.58,-1.608
-3.003,2.57,-1.606
-3.003,2.56,-1.605
-3.003,2.55,-1.603
-3.003,2.54,-1.601
-3.003,2.53,-1.6
-3.003,2.52,-1.598
-3.003,2.51,-1.597
-3.003,2.5,-1.595
-3.003,2.49,-1.594
-3.003,2.48,-1.593
-3.003,2.47,-1.591
-3.003,2.46,-1.59
-3.003,2.45,-1.589
-3.003,2.44,-1.588
-3.003,2.43,-1.587
-3.003,2.42,-1.586
-3.003,2.41,-1.585
-3.003,2.4,-1.584
-3.003,2.39,-1.583
-3.003,2.38,-1.582
-3.003,2.37,-1.581
-3.003,2.36,-1.58
-3.003,2.35,-1.579
-3.003,2.34,-1.578
-3.003,2.33,-1.578
-3.003,2.32,-1.577
-3.003,2.31,-1.576
-3.003,2.3,-1.576
-3.003,2.29,-1.575
-3.003,2.28,-1.574
-3.003,2.27,-1.574
-3.003,2.26,-1.573
-3.003,2.25,-1.573
-3.003,2.24,-1.572
-3.003,2.23,-1.572
-3.003,2.22,-1.571
-3.003,2.21,-1.571
-3.003,2.2,-1.57
-3.003,2.19,-1.57
-3.002,2.18,-1.569
-3.002,2.17,-1.569
-3.002,2.16,-1.569
-3.002,2.15,-1.568
-3.002,2.14,-1.568
-3.002,2.13,-1.567
-3.002,2.12,-1.567
-3.002,2.11,-1.567
-3.002,2.1,-1.566
-3.002,2.09,-1.566
-3.002,2.08,-1.566
-3.002,2.07,-1.566
-3.002,2.06,-1.565
-3.001,2.05,-1.565
-3.001,2.04,-1.565
-3.001,2.03,-1.564
-3.001,2.02,-1.564
-3.001,2.01,-1.564
-3.001,2.0,-1.564
-3.001,1.99,-1.564
-3.001,1.98,-1.563
-3.001,1.97,-1.563
-3.001,1.96,-1.563
-3.0,1.95,-1.563
-3.0,1.94,-1.562
-3.0,1.93,-1.562
-3.0,1.92,-1.562
-3.0,1.91,-1.562
-3.0,1.9,-1.562
-3.0,1.89,-1.561
-3.0,1.88,-1.561
-3.0,1.87,-1.561
-2.999,1.86,-1.561
-2.999,1.85,-1.561
-2.999,1.84,-1.56
-2.999,1.83,-1.56
-2.999,1.82,-1.56
-2.999,1.81,-1.56
-2.999,1.8,-1.56
-2.999,1.79,-1.56
-2.998,1.78,-1.559
-2.998,1.77,-1.559
-2.998,1.76,-1.559
-2.998,1.75,-1.559
-2.998,1.74,-1.559
-2.998,1.73,-1.559
-2.998,1.72,-1.558
-2.997,1.71,-1.558
-2.997,1.7,-1.558
-2.997,1.69,-1.558
-2.997,1.68,-1.558
-2.997,1.67,-1.558
-2.997,1.66,-1.557
-2.996,1.65,-1.557
-2.996,1.64,-1.557
-2.996,1.63,-1.557
-2.996,1.62,-1.557
-2.996,1.61,-1.557
-2.996,1.6,-1.556
-2.996,1.59,-1.556
-2.995,1.58,-1.556
-2.995,1.57,-1.556
-2.995,1.56,-1.556
-2.995,1.55,-1.556
-2.995,1.54,-1.556
-2.995,1.53,-1.555
-2.994,1.52,-1.555
-2.994,1.51,-1.555
-2.994,1.5,-1.555
-2.994,1.49,-1.555
-2.994,1.48,-1.555
-2.993,1.47,-1.555
-2.993,1.46,-1.555
-2.993,1.45,-1.554
-2.993,1.44,-1.554
-2.993,1.43,-1.554
-2.993,1.42,-1.554
-2.992,1.41,-1.554
-2.992,1.4,-1.554
-2.992,1.39,-1.554
-2.992,1.38,-1.554
-2.992,1.37,-1.553
-2.991,1.36,-1.553
-2.991,1.35,-1.553
-2.991,1.34,-1.553
-2.991,1.33,-1.553
-2.991,1.32,-1.553
-2.99,1.31,-1.553
-2.99,1.3,-1.553
-2.99,1.29,-1.552
-2.99,1.28,-1.552
-2.99,1.27,-1.552
-2.989,1.26,-1.552
-2.989,1.25,-1.552
-2.989,1.24,-1.552
-2.989,1.23,-1.552
-2.989,1.22,-1.552
-2.988,1.21,-1.552
-2.988,1.2,-1.551
-2.988,1.19,-1.551
-2.988,1.18,-1.551
-2.988,1.17,-1.551
-2.987,1.16,-1.551
-2.987,1.15,-1.551
-2.987,1.14,-1.551
-2.987,1.13,-1.551
-2.987,1.12,-1.551
-2.986,1.11,-1.551
-2.986,1.1,-1.55
-2.986,1.09,-1.55
-2.986,1.08,-1.55
-2.985,1.07,-1.55
-2.985,1.06,-1.55
-2.985,1.05,-1.55
-2.985,1.04,-1.55
-2.985,1.03,-1.55
-2.984,1.02,-1.55
-2.984,1.01,-1.55
-2.984,1.0,-1.55
-2.984,0.99,-1.549
-2.983,0.98,-1.549
-2.983,0.97,-1.549
-2.983,0.96,-1.549
-2.983,0.95,-1.549
-2.983,0.94,-1.549
-2.982,0.93,-1.549
-2.982,0.92,-1.549
-2.982,0.91,-1.549
-2.982,0.9,-1.549
-2.981,0.89,-1.549
-2.981,0.88,-1.549
-2.981,0.87,-1.549
-2.981,0.86,-1.548
-2.98,0.85,-1.548
-2.98,0.84,-1.548
-2.98,0.83,-1.548
-2.98,0.82,-1.548
-2.98,0.81,-1.548
-2.979,0.8,-1.548
-2.979,0.79,-1.548
-2.979,0.78,-1.548
-2.979,0.77,-1.548
-2.978,0.76,-1.548
-2.978,0.75,-1.548
-2.978,0.74,-1.548
-2.978,0.73,-1.548
-2.977,0.72,-1.547
-2.977,0.71,-1.547
-2.977,0.7,-1.547
-2.977,0.69,-1.547
-2.976,0.68,-1.547
-2.976,0.67,-1.547
-2.976,0.66,-1.547
-2.976,0.65,-1.547
-2.975,0.64,-1.547
-2.975,0.63,-1.547
-2.975,0.62,-1.547
-2.975,0.61,-1.547
-2.974,0.6,-1.547
-2.974,0.59,-1.547
-2.974,0.58,-1.547
-2.974,0.57,-1.547
-2.973,0.56,-1.547
-2.973,0.55,-1.547
-2.973,0.54,-1.546
-2.973,0.53,-1.546
-2.972,0.52,-1.546
-2.972,0.51,-1.546
-2.972,0.5,-1.546
-2.972,0.49,-1.546
-2.971,0.48,-1.546
-2.971,0.47,-1.546
-2.971,0.46,-1.546
-2.971,0.45,-1.546
-2.97,0.44,-1.546
-2.97,0.43,-1.546
-2.97,0.42,-1.546
-2.969,0.41,-1.546
-2.969,0.4,-1.546
-2.969,0.39,-1.546
-2.969,0.38,-1.546
-2.968,0.37,-1.546
-2.968,0.36,-1.546
-2.968,0.35,-1.546
-2.968,0.34,-1.546
-2.967,0.33,-1.546
-2.967,0.32,-1.546
-2.967,0.31,-1.546
-2.967,0.3,-1.546
-2.966,0.29,-1.545
-2.966,0.28,-1.545
-2.966,0.27,-1.545
-2.966,0.26,-1.545
-2.965,0.25,-1.545
-2.965,0.24,-1.545
-2.965,0.23,-1.545
-2.964,0.22,-1.545
-2.964,0.21,-1.545
-2.964,0.2,-1.545
-2.964,0.19,-1.545
-2.963,0.18,-1.545
-2.963,0.17,-1.545
-2.963,0.16,-1.545
-2.963,0.15,-1.545
-2.962,0.14,-1.545
-2.962,0.13,-1.545
-2.962,0.12,-1.545
-2.962,0.11,-1.545
-2.961,0.1,-1.545
-2.961,0.09,-1.545
-2.961,0.08,-1.545
-2.96,0.07,-1.545
-2.96,0.06,-1.545
-2.96,0.05,-1.545
-2.96,0.04,-1.545
-2.959,0.03,-1.545
-2.959,0.02,-1.545
-2.959,0.01,-1.545
-2.959,0.0,-1.545
-2.958,-0.01,-1.545
-2.958,-0.02,-1.545
-2.958,-0.03,-1.545
-2.957,-0.04,-1.545
-2.957,-0.05,-1.545
-2.957,-0.06,-1.545
-2.957,-0.07,-1.545
-2.956,-0.08,-1.545
-2.956,-0.09,-1.545
-2.956,-0.1,-1.545
-2.956,-0.11,-1.545
-2.955,-0.119,-1.545
-2.955,-0.129,-1.545
-2.955,-0.139,-1.545
-2.954,-0.149,-1.545
-2.954,-0.159,-1.545
-2.954,-0.169,-1.545
-2.954,-0.179,-1.545
-2.953,-0.189,-1.545
-2.953,-0.199,-1.545
-2.953,-0.209,-1.545
-2.953,-0.219,-1.545
-2.952,-0.229,-1.545
-2.952,-0.239,-1.545
-2.952,-0.249,-1.545
-2.951,-0.259,-1.545
-2.951,-0.269,-1.545
-2.951,-0.279,-1.545
-2.951,-0.289,-1.545
-2.95,-0.299,-1.545
-2.95,-0.309,-1.545
-2.95,-0.319,-1.546
-2.95,-0.329,-1.546
-2.949,-0.339,-1.546
-2.949,-0.349,-1.546
-2.949,-0.359,-1.546
-2.948,-0.369,-1.546
-2.948,-0.379,-1.546
-2.948,-0.389,-1.546
-2.948,-0.399,-1.546
-2.947,-0.409,-1.546
-2.947,-0.419,-1.546
-2.947,-0.429,-1.546
-2.947,-0.439,-1.546
-2.946,-0.449,-1.546
-2.946,-0.459,-1.546
-2.946,-0.469,-1.546
-2.946,-0.479,-1.546
-2.945,-0.489,-1.546
-2.945,-0.499,-1.546
-2.945,-0.509,-1.547
-2.944,-0.519,-1.547
-2.944,-0.529,-1.547
-2.944,-0.539,-1.547
-2.944,-0.549,-1.547
-2.943,-0.559,-1.547
-2.943,-0.569,-1.547
-2.943,-0.579,-1.547
-2.943,-0.589,-1.547
-2.942,-0.599,-1.547
-2.942,-0.609,-1.547
-2.942,-0.619,-1.547
-2.942,-0.629,-1.548
-2.941,-0.639,-1.548
-2.941,-0.649,-1.548
-2.941,-0.659,-1.548
-2.941,-0.669,-1.548
-2.94,-0.679,-1.548
-2.94,-0.689,-1.548
-2.94,-0.699,-1.548
-2.939,-0.709,-1.549
-2.939,-0.719,-1.549
-2.939,-0.729,-1.549
-2.939,-0.739,-1.549
-2.938,-0.749,-1.549
-2.938,-0.759,-1.549
-2.938,-0.769,-1.549
-2.938,-0.779,-1.55
-2.937,-0.789,-1.55
-2.937,-0.799,-1.55
-2.937,-0.809,-1.55
-2.937,-0.819,-1.55
-2.936,-0.829,-1.55
-2.936,-0.839,-1.551
-2.936,-0.849,-1.551
-2.936,-0.859,-1.551
-2.935,-0.869,-1.551
-2.935,-0.879,-1.552
-2.935,-0.889,-1.552
-2.935,-0.899,-1.552
-2.934,-0.909,-1.552
-2.934,-0.919,-1.553
-2.934,-0.929,-1.553
-2.934,-0.939,-1.553
-2.934,-0.949,-1.553
-2.933,-0.959,-1.554
-2.933,-0.969,-1.554
-2.933,-0.979,-1.555
-2.933,-0.989,-1.555
-2.932,-0.999,-1.555
-2.932,-1.009,-1.556
-2.932,-1.019,-1.556
-2.932,-1.029,-1.557
-2.931,-1.039,-1.557
-2.931,-1.049,-1.558
-2.931,-1.059,-1.559
-2.931,-1.069,-1.559
-2.931,-1.079,-1.56
-2.93,-1.089,-1.561
-2.93,-1.099,-1.562
-2.93,-1.109,-1.564
-2.93,-1.119,-1.566
-2.929,-1.129,-1.571
-2.929,-1.139,-1.574
-2.929,-1.149,-1.576
-2.929,-1.159,-1.578
-2.929,-1.169,-1.58
-2.928,-1.179,-1.582
-2.928,-1.189,-1.584
-2.928,-1.199,-1.585
-2.928,-1.209,-1.587
-2.928,-1.219,-1.588
-2.927,-1.229,-1.59
-2.927,-1.239,-1.592
-2.927,-1.249,-1.593
-2.927,-1.259,-1.595
-2.927,-1.269,-1.596
-2.926,-1.279,-1.598
-2.926,-1.289,-1.6
-2.926,-1.299,-1.601
-2.926,-1.309,-1.603
-2.926,-1.319,-1.605
-2.926,-1.329,-1.607
-2.925,-1.339,-1.608
-2.925,-1.349,-1.61
-2.925,-1.359,-1.612
-2.925,-1.369,-1.614
-2.925,-1.379,-1.616
-2.925,-1.389,-1.618
-2.924,-1.399,-1.62
-2.924,-1.409,-1.622
-2.924,-1.419,-1.624
-2.924,-1.429,-1.626
-2.924,-1.439,-1.628
-2.924,-1.449,-1.63
-2.924,-1.459,-1.632
-2.923,-1.469,-1.635
-2.923,-1.479,-1.637
-2.923,-1.489,-1.64
-2.923,-1.499,-1.642
-2.923,-1.509,-1.645
-2.923,-1.519,-1.647
-2.923,-1.529,-1.65
-2.923,-1.539,-1.653
-2.923,-1.549,-1.656
-2.922,-1.559,-1.659
-2.922,-1.569,-1.662
-2.922,-1.579,-1.665
-2.922,-1.589,-1.668
-2.922,-1.599,-1.672
-2.922,-1.609,-1.675
-2.922,-1.619,-1.679
-2.922,-1.629,-1.683
-2.922,-1.639,-1.687
-2.922,-1.649,-1.691
-2.922,-1.659,-1.695
-2.922,-1.669,-1.7
-2.922,-1.679,-1.704
-2.922,-1.689,-1.709
-2.922,-1.699,-1.714
-2.922,-1.709,-1.719
-2.922,-1.719,-1.725
-2.922,-1.729,-1.731
-2.922,-1.739,-1.737
-2.922,-1.749,-1.743
-2.922,-1.759,-1.749
-2.922,-1.769,-1.756
-2.922,-1.779,-1.764
-2.922,-1.789,-1.771
-2.922,-1.799,-1.78
-2.922,-1.809,-1.788
-2.922,-1.819,-1.797
-2.922,-1.829,-1.807
-2.923,-1.839,-1.817
-2.923,-1.849,-1.828
-2.923,-1.859,-1.84
-2.923,-1.869,-1.852
-2.923,-1.879,-1.865
-2.924,-1.889,-1.88
-2.924,-1.899,-1.895
-2.924,-1.909,-1.912
-2.924,-1.919,-1.929
-2.925,-1.929,-1.949
-2.925,-1.939,-1.97
-2.925,-1.949,-1.993
-2.926,-1.959,-2.018
-2.926,-1.969,-2.045
-2.927,-1.979,-2.075
-2.927,-1.989,-2.108
-2.928,-1.999,-2.144
-2.928,-2.009,-2.185
-2.929,-2.019,-2.23
-2.93,-2.029,-2.279
-2.931,-2.039,-2.335
-2.931,-2.049,-2.396
-2.933,-2.059,-2.464
-2.934,-2.069,-2.54
-2.935,-2.079,-2.622
-2.937,-2.088,-2.712
-2.939,-2.098,-2.808
-2.942,-2.108,-2.91
-2.946,-2.117,-3.015
-2.955,-2.117,-3.122
-2.961,-2.109,3.056
-2.965,-2.1,2.954
-2.968,-2.091,2.857
-2.972,-2.081,2.767
-2.974,-2.072,2.683
-2.977,-2.062,2.607
-2.98,-2.052,2.538
-2.982,-2.043,2.476
-2.985,-2.033,2.419
-2.987,-2.023,2.369
-2.989,-2.013,2.324
-2.991,-2.004,2.283
-2.993,-1.994,2.246
-2.995,-1.984,2.212
-2.997,-1.974,2.182
-2.999,-1.964,2.154
-3.001,-1.955,2.129
-3.003,-1.945,2.106
-3.005,-1.935,2.085
-3.007,-1.925,2.065
-3.008,-1.915,2.047
-3.01,-1.905,2.031
-3.012,-1.896,2.015
-3.014,-1.886,2.001
-3.015,-1.876,1.987
-3.017,-1.866,1.975
-3.019,-1.856,1.963
-3.02,-1.846,1.952
-3.022,-1.836,1.942
-3.024,-1.827,1.932
-3.025,-1.817,1.923
-3.027,-1.807,1.914
-3.029,-1.797,1.906
-3.03,-1.787,1.898
-3.032,-1.777,1.891
-3.033,-1.767,1.884
-3.035,-1.757,1.877
-3.036,-1.748,1.871
-3.038,-1.738,1.864
-3.039,-1.728,1.859
-3.041,-1.718,1.853
-3.042,-1.708,1.848
-3.044,-1.698,1.843
-3.045,-1.688,1.838
-3.047,-1.678,1.833
-3.048,-1.669,1.829
-3.05,-1.659,1.824
-3.051,-1.649,1.82
-3.053,-1.639,1.816
-3.054,-1.629,1.812
-3.056,-1.619,1.809
-3.057,-1.609,1.805
-3.058,-1.599,1.802
-3.06,-1.589,1.798
-3.061,-1.579,1.795
-3.063,-1.57,1.792
-3.064,-1.56,1.789
-3.065,-1.55,1.786
-3.067,-1.54,1.783
-3.068,-1.53,1.78
-3.069,-1.52,1.777
-3.071,-1.51,1.775
-3.072,-1.5,1.772
-3.073,-1.49,1.77
-3.075,-1.48,1.767
-3.076,-1.47,1.765
-3.077,-1.461,1.762
-3.079,-1.451,1.76
-3.08,-1.441,1.758
-3.081,-1.431,1.756
-3.082,-1.421,1.753
-3.084,-1.411,1.751
-3.085,-1.401,1.749
-3.086,-1.391,1.747
-3.088,-1.381,1.745
-3.089,-1.371,1.743
-3.09,-1.361,1.741
-3.091,-1.351,1.74
-3.092,-1.341,1.738
-3.094,-1.332,1.736
-3.095,-1.322,1.734
-3.096,-1.312,1.732
-3.097,-1.302,1.731
-3.099,-1.292,1.729
-3.1,-1.282,1.727
-3.101,-1.272,1.725
-3.102,-1.262,1.724
-3.103,-1.252,1.722
-3.105,-1.242,1.72
-3.106,-1.232,1.719
-3.107,-1.222,1.717
-3.108,-1.212,1.715
-3.109,-1.202,1.713
-3.11,-1.193,1.712
-3.112,-1.183,1.71
-3.113,-1.173,1.708
-3.114,-1.163,1.706
-3.115,-1.153,1.703
-3.116,-1.143,1.7
-3.117,-1.133,1.695
-3.118,-1.123,1.692
-3.119,-1.113,1.691
-3.121,-1.103,1.689
-3.122,-1.093,1.688
-3.123,-1.083,1.686
-3.124,-1.073,1.685
-3.125,-1.063,1.684
-3.126,-1.053,1.683
-3.127,-1.043,1.682
-3.128,-1.034,1.682
-3.129,-1.024,1.681
-3.13,-1.014,1.68
-3.131,-1.004,1.679
-3.132,-0.994,1.678
-3.133,-0.984,1.677
-3.134,-0.974,1.677
-3.136,-0.964,1.676
-3.137,-0.954,1.675
-3.138,-0.944,1.674
-3.139,-0.934,1.674
-3.14,-0.924,1.673
-3.141,-0.914,1.672
-3.142,-0.904,1.672
-3.143,-0.894,1.671
-3.144,-0.884,1.67
-3.145,-0.874,1.67
-3.146,-0.864,1.669
-3.147,-0.854,1.668
-3.148,-0.845,1.667
-3.149,-0.835,1.667
-3.149,-0.825,1.666
-3.15,-0.815,1.665
-3.151,-0.805,1.665
-3.152,-0.795,1.664
-3.153,-0.785,1.663
-3.154,-0.775,1.663
-3.155,-0.765,1.662
-3.156,-0.755,1.662
-3.157,-0.745,1.661
-3.158,-0.735,1.66
-3.159,-0.725,1.66
-3.16,-0.715,1.659
-3.161,-0.705,1.658
-3.162,-0.695,1.658
-3.162,-0.685,1.657
-3.163,-0.675,1.656
-3.164,-0.665,1.656
-3.165,-0.655,1.655
-3.166,-0.645,1.654
-3.167,-0.635,1.654
-3.168,-0.625,1.653
-3.169,-0.615,1.652
-3.169,-0.606,1.652
-3.17,-0.596,1.651
-3.171,-0.586,1.65
-3.172,-0.576,1.649
-3.173,-0.566,1.649
-3.174,-0.556,1.648
-3.174,-0.546,1.647
-3.175,-0.536,1.647
-3.176,-0.526,1.646
-3.177,-0.516,1.645
-3.178,-0.506,1.645
-3.178,-0.496,1.644
-3.179,-0.486,1.643
-3.18,-0.476,1.642
-3.181,-0.466,1.642
-3.181,-0.456,1.641
-3.182,-0.446,1.64
-3.183,-0.436,1.639
-3.184,-0.426,1.639
-3.184,-0.416,1.638
-3.185,-0.406,1.637
-3.186,-0.396,1.636
-3.187,-0.386,1.636
-3.187,-0.376,1.635
-3.188,-0.366,1.634
-3.189,-0.356,1.633
-3.189,-0.346,1.632
-3.19,-0.336,1.632
-3.191,-0.326,1.631
-3.191,-0.316,1.63
-3.192,-0.306,1.629
-3.193,-0.296,1.628
-3.193,-0.286,1.628
-3.194,-0.276,1.627
-3.195,-0.266,1.626
-3.195,-0.256,1.625
-3.196,-0.247,1.624
-3.197,-0.237,1.623
-3.197,-0.227,1.622
-3.198,-0.217,1.621
-3.198,-0.207,1.62
-3.199,-0.197,1.62
-3.2,-0.187,1.619
-3.2,-0.177,1.618
-3.201,-0.167,1.617
-3.201,-0.157,1.616
-3.202,-0.147,1.615
-3.202,-0.137,1.614
-3.203,-0.127,1.613
-3.204,-0.117,1.612
-3.204,-0.107,1.611
-3.205,-0.097,1.61
-3.205,-0.087,1.608
-3.206,-0.077,1.607
-3.206,-0.067,1.606
-3.207,-0.057,1.605
-3.207,-0.047,1.604
-3.208,-0.037,1.603
-3.208,-0.027,1.602
-3.209,-0.017,1.6
-3.209,-0.007,1.599
-3.209,0.003,1.598
-3.21,0.013,1.597
-3.21,0.023,1.595
-3.211,0.033,1.594
-3.211,0.043,1.593
-3.212,0.053,1.591
-3.212,0.063,1.59
-3.212,0.073,1.589
-3.213,0.083,1.587
-3.213,0.093,1.586
-3.213,0.103,1.584
-3.214,0.113,1.583
-3.214,0.123,1.581
-3.214,0.133,1.579
-3.215,0.143,1.578
-3.215,0.153,1.576
-3.215,0.163,1.574
-3.216,0.173,1.572
-3.216,0.183,1.571
-3.216,0.193,1.569
-3.217,0.203,1.567
-3.217,0.213,1.565
-3.217,0.223,1.563
-3.217,0.233,1.56
-3.217,0.243,1.558
-3.218,0.253,1.556
-3.218,0.263,1.553
-3.218,0.273,1.551
-3.218,0.283,1.548
-3.218,0.293,1.545
-3.219,0.303,1.543
-3.219,0.313,1.54
-3.219,0.323,1.536
-3.219,0.333,1.533
-3.219,0.343,1.53
-3.219,0.353,1.526
-3.219,0.363,1.522
-3.219,0.373,1.518
-3.219,0.383,1.513
-3.219,0.393,1.509
-3.22,0.403,1.504
-3.22,0.413,1.499
-3.22,0.423,1.493
-3.22,0.433,1.487
-3.22,0.443,1.482
-3.22,0.453,1.476
-3.219,0.463,1.469
-3.219,0.473,1.463
-3.219,0.483,1.457
-3.219,0.493,1.451
-3.219,0.503,1.445
-3.219,0.513,1.438
-3.219,0.523,1.432
-3.219,0.533,1.426
-3.219,0.543,1.419
-3.218,0.553,1.413
-3.218,0.563,1.407
-3.218,0.573,1.4
-3.218,0.583,1.394
-3.218,0.593,1.388
-3.217,0.603,1.381
-3.217,0.613,1.374
-3.217,0.623,1.368
-3.216,0.633,1.361
-3.216,0.643,1.354
-3.216,0.653,1.347
-3.215,0.663,1.34
-3.215,0.673,1.333
-3.214,0.683,1.326
-3.214,0.693,1.319
-3.214,0.703,1.312
-3.213,0.713,1.304
-3.213,0.723,1.297
-3.212,0.733,1.289
-3.212,0.743,1.281
-3.211,0.753,1.273
-3.21,0.763,1.265
-3.21,0.773,1.257
-3.209,0.783,1.249
-3.208,0.793,1.24
-3.208,0.803,1.231
-3.207,0.813,1.223
-3.206,0.823,1.214
-3.205,0.833,1.205
-3.205,0.843,1.195
-3.204,0.853,1.186
-3.203,0.862,1.176
-3.202,0.872,1.167
-3.201,0.882,1.157
-3.2,0.892,1.146
-3.199,0.902,1.136
-3.198,0.912,1.125
-3.197,0.922,1.115
-3.196,0.932,1.104
-3.195,0.942,1.092
-3.193,0.952,1.081
-3.192,0.962,1.069
-3.191,0.972,1.058
-3.189,0.982,1.046
-3.188,0.992,1.033
-3.187,1.002,1.021
-3.185,1.011,1.008
-3.184,1.021,0.995
-3.182,1.031,0.982
-3.18,1.041,0.968
-3.179,1.051,0.954
-3.177,1.061,0.94
-3.175,1.071,0.926
-3.173,1.08,0.912
-3.171,1.09,0.897
-3.169,1.1,0.882
-3.167,1.11,0.867
-3.165,1.12,0.851
-3.163,1.129,0.835
-3.16,1.139,0.819
-3.158,1.149,0.803
-3.155,1.158,0.787
-3.153,1.168,0.77
-3.15,1.178,0.753
-3.147,1.187,0.736
-3.144,1.197,0.718
-3.141,1.206,0.7
-3.138,1.216,0.683
-3.134,1.225,0.664
-3.131,1.234,0.646
-3.127,1.244,0.628
-3.123,1.253,0.609
-3.119,1.262,0.59
-3.115,1.271,0.571
-3.11,1.28,0.552
-3.105,1.289,0.533
-3.1,1.297,0.514
-3.095,1.306,0.494
-3.089,1.314,0.475
-3.083,1.322,0.455
-3.077,1.33,0.435
-3.07,1.337,0.416
-3.063,1.344,0.396
-3.055,1.351,0.376
-3.047,1.356,0.357
-3.039,1.362,0.337
-3.03,1.366,0.317
-3.02,1.37,0.298
-3.011,1.372,0.278
-3.001,1.374,0.259
-2.991,1.374,0.24
-2.981,1.374,0.22
-2.971,1.373,0.201
-2.961,1.371,0.182
-2.952,1.368,0.164
-2.942,1.365,0.145
-2.933,1.361,0.127
-2.924,1.357,0.109
-2.915,1.352,0.091
-2.906,1.347,0.073
-2.898,1.342,0.056
-2.89,1.337,0.038
-2.881,1.331,0.021
-2.873,1.325,0.005
-2.865,1.319,-0.012
-2.858,1.312,-0.028
-2.85,1.306,-0.044
-2.842,1.3,-0.06
-2.835,1.293,-0.075
-2.827,1.286,-0.09
-2.82,1.279,-0.105
-2.813,1.273,-0.119
-2.806,1.266,-0.134
-2.798,1.259,-0.148
-2.791,1.252,-0.161
-2.784,1.244,-0.175
-2.777,1.237,-0.188
-2.77,1.23,-0.201
-2.764,1.223,-0.213
-2.757,1.216,-0.226
-2.75,1.208,-0.238
-2.743,1.201,-0.249
-2.736,1.193,-0.261
-2.73,1.186,-0.272
-2.723,1.179,-0.283
-2.716,1.171,-0.294
-2.71,1.164,-0.304
-2.703,1.156,-0.315
-2.696,1.149,-0.324
-2.69,1.141,-0.334
-2.683,1.134,-0.344
-2.677,1.126,-0.353
-2.67,1.118,-0.362
-2.664,1.111,-0.371
-2.657,1.103,-0.38
-2.651,1.096,-0.388
-2.644,1.088,-0.396
-2.638,1.08,-0.405
-2.631,1.073,-0.412
-2.625,1.065,-0.42
-2.619,1.057,-0.428
-2.612,1.05,-0.435
-2.606,1.042,-0.442
-2.599,1.034,-0.449
-2.593,1.027,-0.456
-2.586,1.019,-0.463
-2.58,1.011,-0.469
-2.574,1.004,-0.476
-2.567,0.996,-0.482
-2.561,0.988,-0.488
-2.554,0.981,-0.494
-2.548,0.973,-0.5
-2.542,0.965,-0.506
-2.535,0.958,-0.511
-2.529,0.95,-0.517
-2.522,0.942,-0.522
-2.516,0.935,-0.527
-2.509,0.927,-0.533
-2.503,0.919,-0.538
-2.497,0.912,-0.543
-2.49,0.904,-0.547
-2.484,0.896,-0.552
-2.477,0.889,-0.557
-2.471,0.881,-0.562
-2.464,0.874,-0.566
-2.458,0.866,-0.571
-2.451,0.858,-0.575
-2.445,0.851,-0.579
-2.438,0.843,-0.583
-2.432,0.836,-0.588
-2.425,0.828,-0.592
-2.419,0.82,-0.596
-2.412,0.813,-0.6
-2.406,0.805,-0.604
-2.399,0.798,-0.608
-2.392,0.79,-0.611
-2.386,0.783,-0.615
-2.379,0.775,-0.619
-2.372,0.768,-0.623
-2.366,0.76,-0.626
-2.359,0.753,-0.63
-2.352,0.746,-0.633
-2.346,0.738,-0.636
-2.339,0.731,-0.64
-2.332,0.723,-0.643
-2.325,0.716,-0.646
-2.319,0.709,-0.648
-2.312,0.701,-0.651
-2.305,0.694,-0.653
-2.298,0.687,-0.655
-2.291,0.68,-0.656
-2.284,0.672,-0.657
-2.277,0.665,-0.658
-2.27,0.658,-0.658
-2.263,0.651,-0.658
-2.256,0.644,-0.657
-2.249,0.637,-0.656
-2.242,0.63,-0.655
-2.235,0.623,-0.654
-2.228,0.616,-0.653
-2.221,0.609,-0.651
-2.214,0.602,-0.649
-2.206,0.595,-0.647
-2.199,0.588,-0.645
-2.192,0.581,-0.643
-2.185,0.574,-0.64
-2.177,0.567,-0.638
-2.17,0.561,-0.635
-2.162,0.554,-0.633
-2.155,0.547,-0.63
-2.148,0.54,-0.627
-2.14,0.534,-0.624
-2.133,0.527,-0.621
-2.125,0.521,-0.618
-2.117,0.514,-0.615
-2.11,0.508,-0.612
-2.102,0.502,-0.609
-2.094,0.495,-0.606
-2.086,0.489,-0.603
-2.079,0.483,-0.6
-2.071,0.477,-0.596
-2.063,0.47,-0.593
-2.055,0.464,-0.59
-2.047,0.458,-0.586
-2.039,0.452,-0.583
-2.031,0.447,-0.579
-2.023,0.441,-0.576
-2.014,0.435,-0.572
-2.006,0.429,-0.569
-1.998,0.424,-0.565
-1.99,0.418,-0.562
-1.981,0.412,-0.558
-1.973,0.407,-0.555
-1.965,0.401,-0.551
-1.956,0.396,-0.548
-1.948,0.391,-0.544
-1.939,0.385,-0.54
-1.931,0.38,-0.537
-1.922,0.375,-0.533
-1.914,0.37,-0.53
-1.905,0.365,-0.526
-1.896,0.36,-0.522
-1.888,0.355,-0.519
-1.879,0.35,-0.515
-1.87,0.345,-0.511
-1.861,0.34,-0.508
-1.853,0.336,-0.504
-1.844,0.331,-0.5
-1.835,0.326,-0.497
-1.826,0.322,-0.493
-1.817,0.317,-0.489
-1.808,0.313,-0.486
-1.799,0.309,-0.482
-1.79,0.304,-0.479
-1.781,0.3,-0.475
-1.772,0.296,-0.471
-1.763,0.292,-0.468
-1.754,0.288,-0.464
-1.744,0.284,-0.461
-1.735,0.28,-0.457
-1.726,0.276,-0.453
-1.717,0.272,-0.45
-1.708,0.268,-0.446
-1.698,0.264,-0.443
-1.689,0.261,-0.439
-1.68,0.257,-0.436
-1.67,0.253,-0.432
-1.661,0.25,-0.429
-1.652,0.246,-0.426
-1.642,0.243,-0.422
-1.633,0.24,-0.419
-1.623,0.236,-0.415
-1.614,0.233,-0.412
-1.605,0.23,-0.409
-1.595,0.226,-0.405
-1.586,0.223,-0.402
-1.576,0.22,-0.399
-1.567,0.217,-0.396
-1.557,0.214,-0.393
-1.547,0.211,-0.389
-1.538,0.208,-0.386
-1.528,0.205,-0.383
-1.519,0.203,-0.38
-1.509,0.2,-0.377
-1.499,0.197,-0.374
-1.49,0.194,-0.371
-1.48,0.192,-0.368
-1.471,0.189,-0.365
-1.461,0.187,-0.362
-1.451,0.184,-0.327
-1.442,0.182,-0.323
-1.432,0.179,-0.32
-1.422,0.177,-0.317
-1.412,0.174,-0.314
-1.403,0.172,-0.311
-1.393,0.17,-0.308
-1.383,0.167,-0.305
-1.373,0.165,-0.302
-1.364,0.163,-0.299
-1.354,0.161,-0.296
-1.344,0.159,-0.293
-1.334,0.156,-0.29
-1.325,0.154,-0.287
-1.315,0.152,-0.284
-1.305,0.15,-0.281
-1.295,0.148,-0.278
-1.285,0.146,-0.275
-1.276,0.144,-0.272
-1.266,0.142,-0.269
-1.256,0.14,-0.267
-1.246,0.139,-0.264
-1.236,0.137,-0.261
-1.227,0.135,-0.258
-1.217,0.133,-0.255
-1.207,0.131,-0.252
-1.197,0.129,-0.25
-1.187,0.128,-0.247
-1.177,0.126,-0.244
-1.168,0.124,-0.242
-1.158,0.123,-0.239
-1.148,0.121,-0.236
-1.138,0.119,-0.234
-1.128,0.118,-0.231
-1.118,0.116,-0.228
-1.108,0.114,-0.226
-1.099,0.113,-0.223
-1.089,0.111,-0.221
-1.079,0.109,-0.218
-1.069,0.108,-0.216
-1.059,0.106,-0.213
-1.049,0.105,-0.211
-1.039,0.103,-0.209
-1.029,0.102,-0.206
-1.02,0.1,-0.204
-1.01,0.098,-0.202
-1.0,0.097,-0.199
-0.99,0.095,-0.197
-0.98,0.094,-0.195
-0.97,0.092,-0.193
-0.96,0.091,-0.19
-0.95,0.089,-0.188
-0.94,0.088,-0.186
-0.931,0.086,-0.184
-0.921,0.085,-0.182
-0.911,0.083,-0.18
-0.901,0.082,-0.178
-0.891,0.08,-0.176
-0.881,0.078,-0.174
-0.871,0.077,-0.172
-0.861,0.075,-0.17
-0.852,0.074,-0.168
-0.842,0.072,-0.166
-0.832,0.071,-0.164
-0.822,0.069,-0.162
-0.812,0.067,-0.16
-0.802,0.066,-0.159
-0.792,0.064,-0.157
-0.782,0.062,-0.155
-0.773,0.061,-0.153
-0.763,0.059,-0.152
-0.753,0.058,-0.15
-0.743,0.056,-0.148
-0.733,0.054,-0.146
-0.723,0.052,-0.145
-0.713,0.051,-0.143
-0.704,0.049,-0.142
-0.694,0.047,-0.14
-0.684,0.045,-0.138
-0.674,0.044,-0.137
-0.664,0.042,-0.135
-0.654,0.04,-0.134
-0.645,0.038,-0.132
-0.635,0.036,-0.131
-0.625,0.034,-0.129
-0.615,0.032,-0.128
-0.605,0.03,-0.127
-0.596,0.028,-0.125
-0.586,0.026,-0.124
-0.576,0.024,-0.123
-0.566,0.022,-0.121
-0.556,0.02,-0.12
-0.547,0.018,-0.119
-0.537,0.016,-0.117
-0.527,0.013,-0.116
-0.517,0.011,-0.115
-0.508,0.009,-0.113
-0.498,0.007,-0.112
-0.488,0.004,-0.111
-0.478,0.002,-0.11
